{
  "results": {
    "PSNR": 25.34115982055664,
    "SSIM": 0.3235158517300517,
    "NRMSE": 0.42627522349357605
  },
  "progress": {
    "slice_000": [
      {
        "refine_idx": 0,
        "PSNR": 30.58269691467285,
        "SSIM": 0.31299220303451286,
        "NRMSE": 0.23313811421394348,
        "adapt_loss_mean": 0.00029583683668224953,
        "adapt_loss_last": 1.0910981984579848e-07
      },
      {
        "refine_idx": 1,
        "PSNR": 30.85272979736328,
        "SSIM": 0.32800844857487566,
        "NRMSE": 0.22600163519382477,
        "adapt_loss_mean": 0.00013799688276182166,
        "adapt_loss_last": 9.293299996215865e-08
      },
      {
        "refine_idx": 2,
        "PSNR": 25.34115982055664,
        "SSIM": 0.3235158517300517,
        "NRMSE": 0.42627522349357605,
        "adapt_loss_mean": 3.796053979885433e-05,
        "adapt_loss_last": 8.84123068090048e-08
      }
    ]
  }
}