{
  "results": {
    "PSNR": 26.45197105407715,
    "SSIM": 0.46059877855546605,
    "NRMSE": 0.37510207295417786
  },
  "progress": {
    "slice_000": [
      {
        "refine_idx": 0,
        "PSNR": 26.45197105407715,
        "SSIM": 0.46059877855546605,
        "NRMSE": 0.37510207295417786,
        "adapt_loss_mean": 0.050926785353246976,
        "adapt_loss_last": 1.172446172859054e-05
      }
    ]
  }
}