{
  "results": {
    "PSNR": 38.10581970214844,
    "SSIM": 0.561766807672125,
    "NRMSE": 0.09805215895175934
  },
  "progress": {
    "slice_000": [
      {
        "refine_idx": 0,
        "PSNR": 36.086875915527344,
        "SSIM": 0.46583460411784205,
        "NRMSE": 0.12370987236499786,
        "adapt_loss_mean": 0.0002619557020690496,
        "adapt_loss_last": 5.794333191033729e-08
      },
      {
        "refine_idx": 1,
        "PSNR": 38.10581970214844,
        "SSIM": 0.561766807672125,
        "NRMSE": 0.09805215895175934,
        "adapt_loss_mean": 0.000125322108057555,
        "adapt_loss_last": 5.716309559034016e-08
      }
    ]
  }
}