{
  "results": {
    "PSNR": 29.60828971862793,
    "SSIM": 0.27649790940749897
  }
}