{
  "results": {
    "PSNR": 46.184349060058594,
    "SSIM": 0.9908114262568294,
    "NRMSE": 0.03868691995739937
  },
  "support_mask": {
    "source": "A^H y / ATy_idx",
    "threshold_ratio": 0.05,
    "dilation_iters": 6,
    "applied_during_sampling": true,
    "note": "This is an image-domain support mask, not the k-space undersampling mask."
  },
  "progress": {
    "slice_000": [
      {
        "refine_idx": 0,
        "PSNR": 46.184349060058594,
        "SSIM": 0.9908114262568294,
        "NRMSE": 0.03868691995739937,
        "adapt_loss_mean": 0.13089948475369398,
        "adapt_loss_last": 9.854767085926142e-06
      }
    ]
  }
}