{
  "results": {
    "PSNR": 30.646818161010742,
    "SSIM": 0.34291509715006674,
    "NRMSE": 0.23142340779304504
  },
  "progress": {
    "slice_000": [
      {
        "refine_idx": 0,
        "PSNR": 30.582752227783203,
        "SSIM": 0.31299345194522643,
        "NRMSE": 0.23313666880130768,
        "adapt_loss_mean": 0.0002958367468131099,
        "adapt_loss_last": 1.0911071512964554e-07
      },
      {
        "refine_idx": 1,
        "PSNR": 31.331218719482422,
        "SSIM": 0.3406286441870389,
        "NRMSE": 0.21388833224773407,
        "adapt_loss_mean": 0.0003195545150834648,
        "adapt_loss_last": 9.08006754229973e-08
      },
      {
        "refine_idx": 2,
        "PSNR": 30.646818161010742,
        "SSIM": 0.34291509715006674,
        "NRMSE": 0.23142340779304504,
        "adapt_loss_mean": 0.00018267410801102462,
        "adapt_loss_last": 9.114540944210603e-08
      }
    ]
  }
}