{
  "results": {
    "PSNR": 34.82069396972656,
    "SSIM": 0.5245196419373237,
    "NRMSE": 0.14312432706356049
  },
  "progress": {
    "slice_000": [
      {
        "refine_idx": 0,
        "PSNR": 34.82069396972656,
        "SSIM": 0.5245196419373237,
        "NRMSE": 0.14312432706356049,
        "adapt_loss_mean": 0.06562392513838024,
        "adapt_loss_last": 1.1800154425145593e-05
      }
    ]
  }
}