{
  "results": {
    "PSNR": 29.002912521362305,
    "SSIM": 0.2918487355191279,
    "NRMSE": 0.27964210510253906
  },
  "progress": {
    "slice_000": [
      {
        "refine_idx": 0,
        "PSNR": 29.67691421508789,
        "SSIM": 0.2860377640710704,
        "NRMSE": 0.2587631344795227,
        "adapt_loss_mean": 0.09706148761288498,
        "adapt_loss_last": 2.238006260313341e-07
      },
      {
        "refine_idx": 1,
        "PSNR": 29.78555679321289,
        "SSIM": 0.3108310188212553,
        "NRMSE": 0.2555466890335083,
        "adapt_loss_mean": 0.17324058113399768,
        "adapt_loss_last": 1.8035100879387755e-07
      },
      {
        "refine_idx": 2,
        "PSNR": 29.002912521362305,
        "SSIM": 0.2918487355191279,
        "NRMSE": 0.27964210510253906,
        "adapt_loss_mean": 0.06645382178192942,
        "adapt_loss_last": 3.0517810500896303e-07
      }
    ]
  }
}