{
  "results": {
    "PSNR": -15.752021789550781,
    "SSIM": 0.1857998160974269
  }
}