{
  "results": {
    "PSNR": 25.04528045654297,
    "SSIM": 0.27844587065925674,
    "NRMSE": 0.44104620814323425
  },
  "progress": {
    "slice_000": [
      {
        "refine_idx": 0,
        "PSNR": 25.04528045654297,
        "SSIM": 0.27844587065925674,
        "NRMSE": 0.44104620814323425,
        "adapt_loss_mean": 0.00015010646182075062,
        "adapt_loss_last": 2.137261816415048e-07
      }
    ]
  }
}