{
  "results": {
    "PSNR": 39.27204132080078,
    "SSIM": 0.6262205033285558,
    "NRMSE": 0.08573261648416519
  },
  "progress": {
    "slice_000": [
      {
        "refine_idx": 0,
        "PSNR": 36.08741760253906,
        "SSIM": 0.4658522699703065,
        "NRMSE": 0.12370216101408005,
        "adapt_loss_mean": 0.0002619555529706257,
        "adapt_loss_last": 5.7943179143649104e-08
      },
      {
        "refine_idx": 1,
        "PSNR": 39.27204132080078,
        "SSIM": 0.6262205033285558,
        "NRMSE": 0.08573261648416519,
        "adapt_loss_mean": 1.9516045215429996e-05,
        "adapt_loss_last": 5.625000909503797e-08
      }
    ]
  }
}