{
  "results": {
    "PSNR": -41.91115951538086,
    "SSIM": 0.011266829163959182,
    "NRMSE": 982.439208984375
  },
  "progress": {
    "slice_000": [
      {
        "refine_idx": 0,
        "PSNR": 23.42045783996582,
        "SSIM": 0.2120274045852436,
        "NRMSE": 0.5317716598510742,
        "adapt_loss_mean": 0.07178150870905994,
        "adapt_loss_last": 1.5641009554201446e-07
      },
      {
        "refine_idx": 1,
        "PSNR": -1.5438785552978516,
        "SSIM": 0.19586355426154092,
        "NRMSE": 9.41763687133789,
        "adapt_loss_mean": 0.610970999358135,
        "adapt_loss_last": 2.331105974917591e-07
      },
      {
        "refine_idx": 2,
        "PSNR": -41.91115951538086,
        "SSIM": 0.011266829163959182,
        "NRMSE": 982.439208984375,
        "adapt_loss_mean": 0.5529946158595203,
        "adapt_loss_last": 1.4329822306535789e-06
      }
    ]
  }
}