{
  "results": {
    "PSNR": 32.3408203125,
    "SSIM": 0.3691383145189317,
    "NRMSE": 0.1904175728559494
  },
  "progress": {
    "slice_000": [
      {
        "refine_idx": 0,
        "PSNR": 32.3408203125,
        "SSIM": 0.3691383145189317,
        "NRMSE": 0.1904175728559494,
        "adapt_loss_mean": 0.00021680268148521238,
        "adapt_loss_last": 1.4917584678642015e-07
      }
    ]
  }
}