{
  "results": {
    "PSNR": 44.86711883544922,
    "SSIM": 0.9804567660946915,
    "NRMSE": 0.04502090439200401
  },
  "support_mask": {
    "source": "A^H y / ATy_idx",
    "threshold_ratio": 0.05,
    "dilation_iters": 6,
    "applied_during_sampling": true,
    "note": "This is an image-domain support mask, not the k-space undersampling mask."
  },
  "progress": {
    "slice_000": [
      {
        "refine_idx": 0,
        "PSNR": 44.86711883544922,
        "SSIM": 0.9804567660946915,
        "NRMSE": 0.04502090439200401,
        "adapt_loss_mean": 0.16121854801479116,
        "adapt_loss_last": 1.2100333151465748e-05
      }
    ]
  }
}