{
  "results": {
    "PSNR": 46.39091110229492,
    "SSIM": 0.9834530308822331,
    "NRMSE": 0.037776753306388855
  },
  "support_mask": {
    "source": "A^H y / ATy_idx",
    "threshold_ratio": 0.05,
    "dilation_iters": 6,
    "applied_during_sampling": true,
    "note": "This is an image-domain support mask, not the k-space undersampling mask."
  },
  "progress": {
    "slice_000": [
      {
        "refine_idx": 0,
        "PSNR": 46.39091110229492,
        "SSIM": 0.9834530308822331,
        "NRMSE": 0.037776753306388855,
        "adapt_loss_mean": 0.1608590604027697,
        "adapt_loss_last": 1.2234806490596384e-05
      }
    ]
  }
}