{
  "results": {
    "PSNR": 23.026723861694336,
    "SSIM": 0.18822607098431662,
    "NRMSE": 0.5564318895339966
  },
  "progress": {
    "slice_000": [
      {
        "refine_idx": 0,
        "PSNR": 23.026723861694336,
        "SSIM": 0.18822607098431662,
        "NRMSE": 0.5564318895339966,
        "adapt_loss_mean": 0.00012450705001948296,
        "adapt_loss_last": 2.0915260279252834e-07
      }
    ]
  }
}