{
  "results": {
    "PSNR": 26.81026268005371,
    "SSIM": 0.4239655065602521,
    "NRMSE": 0.35994401574134827
  },
  "progress": {
    "slice_000": [
      {
        "refine_idx": 0,
        "PSNR": 26.81026268005371,
        "SSIM": 0.4239655065602521,
        "NRMSE": 0.35994401574134827,
        "adapt_loss_mean": 0.038357221346635266,
        "adapt_loss_last": 1.073437488230411e-05
      }
    ]
  }
}